"blocks/b-05/title/","b-05"
"blocks/b-10/title/","b-10"
"blocks/b-15/title/","b-15"
"blocks/b-20/title/","b-20"
"blocks/b-25/title/","b-25"
"blocks/b-30/title/","b-30"
"blocks/b-35/title/","b-35"
"blocks/b-40/title/","b-40"
"blocks/b-45/title/","b-45"
"blocks/b-50/title/","b-50"
"blocks/b-55/title/","b-55"
"blocks/b-60/title/","b-60"
"blocks/b-70/title/","b-70"
"blocks/b-75/title/","b-75"
"blocks/b-80/title/","b-80"
"blocks/b-85/title/","b-85"
"blocks/b-90/title/","b-90"
"blocks/b-95/title/","b-95"
"blocks/b-100/title/","b-100"
"blocks/b-105/title/","b-105"
"blocks/b-110/title/","b-110"
